id,question_id,chapter,question,answer_id,generated_answer,synthetic_answer,difficulty,answer_quality,ai_score,human_score,scheme,evaltion_criteria
1,Q1,E-commerce,Evaluate the concept of 'ubiquity' as a feature of e-commerce and assess its impact on consumer behaviour and business operations.,A1-0,Ubiquity means the internet is everywhere. It is a good thing for business.,Ubiquity means the internrt is everywhere and is for good busses.,Medium,No understanding or irrelevant,0.0,,"• Ubiquity Defined: E-commerce is available anywhere, anytime via internet-connected devices, removing geographical and time constraints on commerce.
• Impact on Consumer Behaviour: Consumers can shop 24/7 from any location, reducing search time and effort; lowers transaction costs and increases bargaining power.
• Impact on Business Operations: Businesses must maintain always-on digital infrastructure; inventory and fulfilment systems must respond to continuous, unpredictable demand.
• Marketspace Concept: Ubiquity transforms the traditional marketplace into a 'marketspace', eliminating geographic and temporal constraints on commerce.
• Critical Evaluation: While ubiquity democratises access, the digital divide excludes populations without reliable internet; always-on expectations place significant operational pressure on businesses.",
2,Q1,E-commerce,Evaluate the concept of 'ubiquity' as a feature of e-commerce and assess its impact on consumer behaviour and business operations.,A1-1,Ubiquity means the internet is everywhere. It is a good thing for business.,Ubiquity means that enternet the is everywhere and is a good thing for bussenes.,Medium,No understanding or irrelevant,0.5,,"• Ubiquity Defined: E-commerce is available anywhere, anytime via internet-connected devices, removing geographical and time constraints on commerce.
• Impact on Consumer Behaviour: Consumers can shop 24/7 from any location, reducing search time and effort; lowers transaction costs and increases bargaining power.
• Impact on Business Operations: Businesses must maintain always-on digital infrastructure; inventory and fulfilment systems must respond to continuous, unpredictable demand.
• Marketspace Concept: Ubiquity transforms the traditional marketplace into a 'marketspace', eliminating geographic and temporal constraints on commerce.
• Critical Evaluation: While ubiquity democratises access, the digital divide excludes populations without reliable internet; always-on expectations place significant operational pressure on businesses.",
3,Q1,E-commerce,Evaluate the concept of 'ubiquity' as a feature of e-commerce and assess its impact on consumer behaviour and business operations.,A1-2,Ubiquity means you can access the internet anywhere. This helps customers buy things from home instead of going to a shop.,"Ubiquity means you can accces the Internet, anywhere which helps customers buy things from home instead of going to I sotre.",Medium,Very limited understanding,1.0,,"• Ubiquity Defined: E-commerce is available anywhere, anytime via internet-connected devices, removing geographical and time constraints on commerce.
• Impact on Consumer Behaviour: Consumers can shop 24/7 from any location, reducing search time and effort; lowers transaction costs and increases bargaining power.
• Impact on Business Operations: Businesses must maintain always-on digital infrastructure; inventory and fulfilment systems must respond to continuous, unpredictable demand.
• Marketspace Concept: Ubiquity transforms the traditional marketplace into a 'marketspace', eliminating geographic and temporal constraints on commerce.
• Critical Evaluation: While ubiquity democratises access, the digital divide excludes populations without reliable internet; always-on expectations place significant operational pressure on businesses.",
4,Q1,E-commerce,Evaluate the concept of 'ubiquity' as a feature of e-commerce and assess its impact on consumer behaviour and business operations.,A1-3,Ubiquity means you can access the internet anywhere. This helps customers buy things from home instead of going to a shop.,"Ubiquity means you can access the [[ intermet anywhere, Wich helps customers buy things from home instead of going at to shop.",Medium,Very limited understanding,1.5,,"• Ubiquity Defined: E-commerce is available anywhere, anytime via internet-connected devices, removing geographical and time constraints on commerce.
• Impact on Consumer Behaviour: Consumers can shop 24/7 from any location, reducing search time and effort; lowers transaction costs and increases bargaining power.
• Impact on Business Operations: Businesses must maintain always-on digital infrastructure; inventory and fulfilment systems must respond to continuous, unpredictable demand.
• Marketspace Concept: Ubiquity transforms the traditional marketplace into a 'marketspace', eliminating geographic and temporal constraints on commerce.
• Critical Evaluation: While ubiquity democratises access, the digital divide excludes populations without reliable internet; always-on expectations place significant operational pressure on businesses.",
5,Q1,E-commerce,Evaluate the concept of 'ubiquity' as a feature of e-commerce and assess its impact on consumer behaviour and business operations.,A1-4,"Ubiquity refers to the availability of internet anywhere and anytime. It makes shopping convenient for customers and reduces some costs for businesses. However, the student does not explain the concept of 'marketspace' or transaction costs.","Ubiquity to refers the availability of the Interenet anywhere and at any time, takes shopping easier dor customers, and reduces some costs for businesses, but the student does no explain the concept of "" market spase "" transaction or costs.",Medium,Basic understanding with major gaps,2.0,,"• Ubiquity Defined: E-commerce is available anywhere, anytime via internet-connected devices, removing geographical and time constraints on commerce.
• Impact on Consumer Behaviour: Consumers can shop 24/7 from any location, reducing search time and effort; lowers transaction costs and increases bargaining power.
• Impact on Business Operations: Businesses must maintain always-on digital infrastructure; inventory and fulfilment systems must respond to continuous, unpredictable demand.
• Marketspace Concept: Ubiquity transforms the traditional marketplace into a 'marketspace', eliminating geographic and temporal constraints on commerce.
• Critical Evaluation: While ubiquity democratises access, the digital divide excludes populations without reliable internet; always-on expectations place significant operational pressure on businesses.",
6,Q1,E-commerce,Evaluate the concept of 'ubiquity' as a feature of e-commerce and assess its impact on consumer behaviour and business operations.,A1-5,"Ubiquity refers to the availability of internet anywhere and anytime. It makes shopping convenient for customers and reduces some costs for businesses. However, the student does not explain the concept of 'marketspace' or transaction costs.","Ubiquity refers to availability he of internet anywhere and anytime, it makes shopping convenient for custormes and reduces costs sme fou businesses, but the student does not explain the concept of ' marketspace ' or transaction costs.",Medium,Basic understanding with major gaps,2.5,,"• Ubiquity Defined: E-commerce is available anywhere, anytime via internet-connected devices, removing geographical and time constraints on commerce.
• Impact on Consumer Behaviour: Consumers can shop 24/7 from any location, reducing search time and effort; lowers transaction costs and increases bargaining power.
• Impact on Business Operations: Businesses must maintain always-on digital infrastructure; inventory and fulfilment systems must respond to continuous, unpredictable demand.
• Marketspace Concept: Ubiquity transforms the traditional marketplace into a 'marketspace', eliminating geographic and temporal constraints on commerce.
• Critical Evaluation: While ubiquity democratises access, the digital divide excludes populations without reliable internet; always-on expectations place significant operational pressure on businesses.",
7,Q1,E-commerce,Evaluate the concept of 'ubiquity' as a feature of e-commerce and assess its impact on consumer behaviour and business operations.,A1-6,"Ubiquity transforms the marketplace into a 'marketspace' by removing geographic and time restrictions. It enhances customer convenience, reduces shopping costs, and lowers transaction costs. For example, consumers can shop via mobile devices while commuting. However, the answer lacks critical evaluation of its limitations or broader impact on business operations.","Transforms ubiquity the market into ein “ market spase ” by removing geographical and temporal restrictions, increases customer conveniece, reduces purchasing costs and decreases transaction costs. For example, consumers can shop via mobile devices while on the move, but the response lacks a assessment critical jf its limitations ror boarder impact on business operations.",Medium,Moderate understanding with some clarity,3.0,,"• Ubiquity Defined: E-commerce is available anywhere, anytime via internet-connected devices, removing geographical and time constraints on commerce.
• Impact on Consumer Behaviour: Consumers can shop 24/7 from any location, reducing search time and effort; lowers transaction costs and increases bargaining power.
• Impact on Business Operations: Businesses must maintain always-on digital infrastructure; inventory and fulfilment systems must respond to continuous, unpredictable demand.
• Marketspace Concept: Ubiquity transforms the traditional marketplace into a 'marketspace', eliminating geographic and temporal constraints on commerce.
• Critical Evaluation: While ubiquity democratises access, the digital divide excludes populations without reliable internet; always-on expectations place significant operational pressure on businesses.",
8,Q1,E-commerce,Evaluate the concept of 'ubiquity' as a feature of e-commerce and assess its impact on consumer behaviour and business operations.,A1-7,"Ubiquity transforms the marketplace into a 'marketspace' by removing geographic and time restrictions. It enhances customer convenience, reduces shopping costs, and lowers transaction costs. For example, consumers can shop via mobile devices while commuting. However, the answer lacks critical evaluation of its limitations or broader impact on business operations.","Ubiquity transforms the marketplace into a ' marketspace ' but removing geographic and time restrictions, enhances customer convenience reduces, shopping costs and lowers transaction costs. For explample, can consumers shope using mobile divices while commuting, but the answer lacks [[ criticals evaluation of its limitations or broader impact on business operarations.",Medium,Moderate understanding with some clarity,3.5,,"• Ubiquity Defined: E-commerce is available anywhere, anytime via internet-connected devices, removing geographical and time constraints on commerce.
• Impact on Consumer Behaviour: Consumers can shop 24/7 from any location, reducing search time and effort; lowers transaction costs and increases bargaining power.
• Impact on Business Operations: Businesses must maintain always-on digital infrastructure; inventory and fulfilment systems must respond to continuous, unpredictable demand.
• Marketspace Concept: Ubiquity transforms the traditional marketplace into a 'marketspace', eliminating geographic and temporal constraints on commerce.
• Critical Evaluation: While ubiquity democratises access, the digital divide excludes populations without reliable internet; always-on expectations place significant operational pressure on businesses.",
9,Q1,E-commerce,Evaluate the concept of 'ubiquity' as a feature of e-commerce and assess its impact on consumer behaviour and business operations.,A1-8,"Ubiquity allows e-commerce platforms to operate beyond physical and temporal boundaries, creating a 'marketspace.' This reduces transaction costs and enhances customer convenience significantly. Businesses benefit from 24/7 operations and global accessibility. However, a more critical discussion of the digital divide or infrastructure limitations is missing.","Ubiquity allows e - commerce platforms to operate across physical and temporal boundaries, criating “ marking space ” that reduces transaccion costs and bigly improves convenient customer. Businesses benefit from 24 / 7 operations and glabal accessibility, but a more critical discussion Obout the digital or divide infrastructure limitations is missing.",Medium,Good explanation with minor gaps,4.0,,"• Ubiquity Defined: E-commerce is available anywhere, anytime via internet-connected devices, removing geographical and time constraints on commerce.
• Impact on Consumer Behaviour: Consumers can shop 24/7 from any location, reducing search time and effort; lowers transaction costs and increases bargaining power.
• Impact on Business Operations: Businesses must maintain always-on digital infrastructure; inventory and fulfilment systems must respond to continuous, unpredictable demand.
• Marketspace Concept: Ubiquity transforms the traditional marketplace into a 'marketspace', eliminating geographic and temporal constraints on commerce.
• Critical Evaluation: While ubiquity democratises access, the digital divide excludes populations without reliable internet; always-on expectations place significant operational pressure on businesses.",
10,Q1,E-commerce,Evaluate the concept of 'ubiquity' as a feature of e-commerce and assess its impact on consumer behaviour and business operations.,A1-9,"Ubiquity allows e-commerce platforms to operate beyond physical and temporal boundaries, creating a 'marketspace.' This reduces transaction costs and enhances customer convenience significantly. Businesses benefit from 24/7 operations and global accessibility. However, a more critical discussion of the digital divide or infrastructure limitations is missing.","Ubiquity allows e - commerce platforms lo operate biyon physical ad temporal boundaries, creating a ' marketspace ' theat transaction reduces costs and increases customer convenience bigly. Businesses benefit from 24 / 7 operations and gloabl accessibility, but a more [[ criticial discussion of digital the divide or infrastructure limitations is missing.",Medium,Good explanation with minor gaps,4.5,,"• Ubiquity Defined: E-commerce is available anywhere, anytime via internet-connected devices, removing geographical and time constraints on commerce.
• Impact on Consumer Behaviour: Consumers can shop 24/7 from any location, reducing search time and effort; lowers transaction costs and increases bargaining power.
• Impact on Business Operations: Businesses must maintain always-on digital infrastructure; inventory and fulfilment systems must respond to continuous, unpredictable demand.
• Marketspace Concept: Ubiquity transforms the traditional marketplace into a 'marketspace', eliminating geographic and temporal constraints on commerce.
• Critical Evaluation: While ubiquity democratises access, the digital divide excludes populations without reliable internet; always-on expectations place significant operational pressure on businesses.",
11,Q1,E-commerce,Evaluate the concept of 'ubiquity' as a feature of e-commerce and assess its impact on consumer behaviour and business operations.,A1-10,"Ubiquity, as a core e-commerce feature, fundamentally transforms commerce by enabling internet access anytime and anywhere — from workplaces, homes, and mobile devices. This shifts the 'marketplace' to a 'marketspace,' eliminating geographic and temporal constraints. For consumers, this means reduced shopping costs, enhanced convenience, and increased bargaining power. For businesses, it enables 24/7 operations, real-time engagement, and lower transaction costs. Critically, while ubiquity democratises access, the digital divide remains a concern — populations without reliable internet access are excluded, creating inequality. Furthermore, the always-on expectation created by ubiquity places operational pressure on businesses to maintain continuous service availability.","Ubiquity, as at core functionality of e - commerce, fundamentally transforms commerce by enabling access to the Internet, anytime anywhere, from workplaces, homes, anad mablie devices. This ' s transforms the “ market ” itno g “ market spece ”, eliminating geographical and temporal constraints. For consumers, this means reduced purchasing costs, increased convenience anso bargaining increased power. For businesses, it enables 24 / operarations 7, realee - time engagement, and reduced transaction costs. Critically, while the omnipresent Democrat",Medium,"Excellent, well-structured and critical evaluation",4.8,,"• Ubiquity Defined: E-commerce is available anywhere, anytime via internet-connected devices, removing geographical and time constraints on commerce.
• Impact on Consumer Behaviour: Consumers can shop 24/7 from any location, reducing search time and effort; lowers transaction costs and increases bargaining power.
• Impact on Business Operations: Businesses must maintain always-on digital infrastructure; inventory and fulfilment systems must respond to continuous, unpredictable demand.
• Marketspace Concept: Ubiquity transforms the traditional marketplace into a 'marketspace', eliminating geographic and temporal constraints on commerce.
• Critical Evaluation: While ubiquity democratises access, the digital divide excludes populations without reliable internet; always-on expectations place significant operational pressure on businesses.",
12,Q1,E-commerce,Evaluate the concept of 'ubiquity' as a feature of e-commerce and assess its impact on consumer behaviour and business operations.,A1-11,"Ubiquity, as a core e-commerce feature, fundamentally transforms commerce by enabling internet access anytime and anywhere — from workplaces, homes, and mobile devices. This shifts the 'marketplace' to a 'marketspace,' eliminating geographic and temporal constraints. For consumers, this means reduced shopping costs, enhanced convenience, and increased bargaining power. For businesses, it enables 24/7 operations, real-time engagement, and lower transaction costs. Critically, while ubiquity democratises access, the digital divide remains a concern — populations without reliable internet access are excluded, creating inequality. Furthermore, the always-on expectation created by ubiquity places operational pressure on businesses to maintain continuous service availability.","As core a e - commerce feature, ubiquity fundamentally transforms by commerce enabling internet acsess anytime and anywhere — fromg workplaces, homes ana mobile devices. This shifts the ' marketplace ' to a ' marketspace ', eliminating geographic and temporal constraints. For comstomer this means reduced shopping costs, enhanced conveniece and bargaining incresed power. For businessses ubiquity enables 24 / 7 operations, real - time engagement and lawyer transaccion costs. Critically, while ubiquity",Medium,"Excellent, well-structured and critical evaluation",5.0,,"• Ubiquity Defined: E-commerce is available anywhere, anytime via internet-connected devices, removing geographical and time constraints on commerce.
• Impact on Consumer Behaviour: Consumers can shop 24/7 from any location, reducing search time and effort; lowers transaction costs and increases bargaining power.
• Impact on Business Operations: Businesses must maintain always-on digital infrastructure; inventory and fulfilment systems must respond to continuous, unpredictable demand.
• Marketspace Concept: Ubiquity transforms the traditional marketplace into a 'marketspace', eliminating geographic and temporal constraints on commerce.
• Critical Evaluation: While ubiquity democratises access, the digital divide excludes populations without reliable internet; always-on expectations place significant operational pressure on businesses.",
